title:医院数数据,unit:个,,year,北京市,上海市,重庆市,天津市,西安市,成都市,昆明市,长春市,合肥市,郑州市,南京市,苏州市,哈尔滨市,广州市,深圳市,东莞市,长沙市,福州市,武汉市,济南市,青岛市,杭州市,宁波市,大连市,沈阳市
,,,2020,,,,,,,,,,,,,,,,,,,,,,,,,
,,,2019,745,387,847,441,359,629,314,188,199,255,248,221,331,269,144,110,237,140,407,289,427,343,180,200,276
,,,2018,736,364,800,420,343,892,322,320,171,246,222,206,326,255,140,102,232,128,398,246,421,316,170,178,274
,,,2017,656,363,749,426,329,888,308,296,172,219,220,193,310,243,135,97,287,116,354,238,410,302,154,153,274
,,,2016,713,349,699,421,,574,,297,154,218,209,206,282,243,,,,,317,217,322,277,,141,268
,,,2015,701,338,631,401,295,524,282,301,146,213,197,194,273,229,127,98,,,303,213,308,244,,131,216
,,,2014,608,332,565,373,281,499,268,301,144,213,186,185,270,224,127,101,,,197,207,297,218,,123,207
,,,2013,,,,,281,,253,,,,,,,,121,103,279,113,,,,,109,,
,,,2012,,,,,,,,,,,,,,,,,254,108,,,,,108,,
,,,2011,,,,,,,,,,,,,,,,,258,89,,,,,106,,
,,,2010,,,,,,,,,,,,,,,,,,,,,,,,,
,,,2009,,,,,,,,,,,,,,,,,,,,,,,,,
,,,2008,,,,,,,,,,,,,,,,,,,,,,,,,
,,,2007,,,,,,,,,,,,,,,,,,,,,,,,,
,,,2006,,,,,,,,,,,,,,,,,,,,,,,,,
,,,2005,,,,,,,,,,,,,,,,,,,,,,,,,
,,,2004,,,,,,,,,,,,,,,,,,,,,,,,,
,,,2003,,,,,,,,,,,,,,,,,,,,,,,,,
,,,2002,,,,,,,,,,,,,,,,,,,,,,,,,
,,,2001,,,,,,,,,,,,,,,,,,,,,,,,,
,,,2000,,,,,,,,,,,,,,,,,,,,,,,,,
,,,1999,,,,,,,,,,,,,,,,,,,,,,,,,
,,,1998,,,,,,,,,,,,,,,,,,,,,,,,,
,,,1997,,,,,,,,,,,,,,,,,,,,,,,,,
,,,1996,,,,,,,,,,,,,,,,,,,,,,,,,
,,,1995,,,,,,,,,,,,,,,,,,,,,,,,,
,,,1994,,,,,,,,,,,,,,,,,,,,,,,,,
,,,1993,,,,,,,,,,,,,,,,,,,,,,,,,
,,,1992,,,,,,,,,,,,,,,,,,,,,,,,,
,,,1991,,,,,,,,,,,,,,,,,,,,,,,,,
,,,1990,,,,,,,,,,,,,,,,,,,,,,,,,
,,,1989,,,,,,,,,,,,,,,,,,,,,,,,,
,,,1988,,,,,,,,,,,,,,,,,,,,,,,,,
,,,1987,,,,,,,,,,,,,,,,,,,,,,,,,
,,,1986,,,,,,,,,,,,,,,,,,,,,,,,,
,,,1985,,,,,,,,,,,,,,,,,,,,,,,,,
,,,1984,,,,,,,,,,,,,,,,,,,,,,,,,
,,,1983,,,,,,,,,,,,,,,,,,,,,,,,,
,,,1982,,,,,,,,,,,,,,,,,,,,,,,,,
,,,1981,,,,,,,,,,,,,,,,,,,,,,,,,
,,,1980,,,,,,,,,,,,,,,,,,,,,,,,,
,,,1979,,,,,,,,,,,,,,,,,,,,,,,,,
,,,1978,,,,,,,,,,,,,,,,,,,,,,,,,
,,,1977,,,,,,,,,,,,,,,,,,,,,,,,,
,,,1976,,,,,,,,,,,,,,,,,,,,,,,,,
,,,1975,,,,,,,,,,,,,,,,,,,,,,,,,
,,,1974,,,,,,,,,,,,,,,,,,,,,,,,,
,,,1973,,,,,,,,,,,,,,,,,,,,,,,,,
,,,1972,,,,,,,,,,,,,,,,,,,,,,,,,
,,,1971,,,,,,,,,,,,,,,,,,,,,,,,,
,,,1970,,,,,,,,,,,,,,,,,,,,,,,,,
,,,1969,,,,,,,,,,,,,,,,,,,,,,,,,
,,,1968,,,,,,,,,,,,,,,,,,,,,,,,,
,,,1967,,,,,,,,,,,,,,,,,,,,,,,,,
,,,1966,,,,,,,,,,,,,,,,,,,,,,,,,
,,,1965,,,,,,,,,,,,,,,,,,,,,,,,,
,,,1964,,,,,,,,,,,,,,,,,,,,,,,,,
,,,1963,,,,,,,,,,,,,,,,,,,,,,,,,
,,,1962,,,,,,,,,,,,,,,,,,,,,,,,,
,,,1961,,,,,,,,,,,,,,,,,,,,,,,,,
,,,1960,,,,,,,,,,,,,,,,,,,,,,,,,
,,,1959,,,,,,,,,,,,,,,,,,,,,,,,,
,,,1958,,,,,,,,,,,,,,,,,,,,,,,,,
,,,1957,,,,,,,,,,,,,,,,,,,,,,,,,
,,,1956,,,,,,,,,,,,,,,,,,,,,,,,,
,,,1955,,,,,,,,,,,,,,,,,,,,,,,,,
,,,1954,,,,,,,,,,,,,,,,,,,,,,,,,
,,,1953,,,,,,,,,,,,,,,,,,,,,,,,,
,,,1952,,,,,,,,,,,,,,,,,,,,,,,,,
,,,1951,,,,,,,,,,,,,,,,,,,,,,,,,